[
  {
    "directory": "C:/Users/Björn/Source/Repos/DV1568_3DProjekt",
    "command": "clang-tool -fms-extensions -fms-compatibility -fms-compatibility-version=19  -isystem \"C:/Users/Björn/Source/Repos/DV1568_3DProjekt/inc\"  -isystem \"C:/Program Files (x86)/Microsoft Visual Studio/2017/Community/VC/Tools/MSVC/14.15.26726/include\"  -isystem \"C:/Program Files (x86)/Microsoft Visual Studio/2017/Community/VC/Tools/MSVC/14.15.26726/atlmfc/include\"  -isystem \"C:/Program Files (x86)/Microsoft Visual Studio/2017/Community/VC/Auxiliary/VS/include\"  -isystem \"C:/Program Files (x86)/Windows Kits/10/Include/10.0.17763.0/ucrt\"  -isystem \"C:/Program Files (x86)/Windows Kits/10/Include/10.0.17763.0/um\"  -isystem \"C:/Program Files (x86)/Windows Kits/10/Include/10.0.17763.0/shared\"  -isystem \"C:/Program Files (x86)/Windows Kits/10/Include/10.0.17763.0/winrt\"  -isystem \"C:/Program Files (x86)/Windows Kits/10/Include/10.0.17763.0/cppwinrt\"  -isystem \"C:/Program Files (x86)/Windows Kits/NETFXSDK/4.6.1/Include/um\"  -D _DEBUG  -D _MT  -D _DLL  -D _MBCS -std=c++14  \"C:/Users/Björn/Source/Repos/DV1568_3DProjekt/src/AssetManager.cpp\"",
    "file": "C:/Users/Björn/Source/Repos/DV1568_3DProjekt/src/AssetManager.cpp"
  },
  {
    "directory": "C:/Users/Björn/Source/Repos/DV1568_3DProjekt",
    "command": "clang-tool -fms-extensions -fms-compatibility -fms-compatibility-version=19  -isystem \"C:/Users/Björn/Source/Repos/DV1568_3DProjekt/inc\"  -isystem \"C:/Program Files (x86)/Microsoft Visual Studio/2017/Community/VC/Tools/MSVC/14.15.26726/include\"  -isystem \"C:/Program Files (x86)/Microsoft Visual Studio/2017/Community/VC/Tools/MSVC/14.15.26726/atlmfc/include\"  -isystem \"C:/Program Files (x86)/Microsoft Visual Studio/2017/Community/VC/Auxiliary/VS/include\"  -isystem \"C:/Program Files (x86)/Windows Kits/10/Include/10.0.17763.0/ucrt\"  -isystem \"C:/Program Files (x86)/Windows Kits/10/Include/10.0.17763.0/um\"  -isystem \"C:/Program Files (x86)/Windows Kits/10/Include/10.0.17763.0/shared\"  -isystem \"C:/Program Files (x86)/Windows Kits/10/Include/10.0.17763.0/winrt\"  -isystem \"C:/Program Files (x86)/Windows Kits/10/Include/10.0.17763.0/cppwinrt\"  -isystem \"C:/Program Files (x86)/Windows Kits/NETFXSDK/4.6.1/Include/um\"  -D _DEBUG  -D _MT  -D _DLL  -D _MBCS -std=c++14  \"C:/Users/Björn/Source/Repos/DV1568_3DProjekt/src/main.cpp\"",
    "file": "C:/Users/Björn/Source/Repos/DV1568_3DProjekt/src/main.cpp"
  },
  {
    "directory": "C:/Users/Björn/Source/Repos/DV1568_3DProjekt",
    "command": "clang-tool -fms-extensions -fms-compatibility -fms-compatibility-version=19  -isystem \"C:/Users/Björn/Source/Repos/DV1568_3DProjekt/inc\"  -isystem \"C:/Program Files (x86)/Microsoft Visual Studio/2017/Community/VC/Tools/MSVC/14.15.26726/include\"  -isystem \"C:/Program Files (x86)/Microsoft Visual Studio/2017/Community/VC/Tools/MSVC/14.15.26726/atlmfc/include\"  -isystem \"C:/Program Files (x86)/Microsoft Visual Studio/2017/Community/VC/Auxiliary/VS/include\"  -isystem \"C:/Program Files (x86)/Windows Kits/10/Include/10.0.17763.0/ucrt\"  -isystem \"C:/Program Files (x86)/Windows Kits/10/Include/10.0.17763.0/um\"  -isystem \"C:/Program Files (x86)/Windows Kits/10/Include/10.0.17763.0/shared\"  -isystem \"C:/Program Files (x86)/Windows Kits/10/Include/10.0.17763.0/winrt\"  -isystem \"C:/Program Files (x86)/Windows Kits/10/Include/10.0.17763.0/cppwinrt\"  -isystem \"C:/Program Files (x86)/Windows Kits/NETFXSDK/4.6.1/Include/um\"  -D _DEBUG  -D _MT  -D _DLL  -D _MBCS -std=c++14  \"C:/Users/Björn/Source/Repos/DV1568_3DProjekt/src/Mesh.cpp\"",
    "file": "C:/Users/Björn/Source/Repos/DV1568_3DProjekt/src/Mesh.cpp"
  },
  {
    "directory": "C:/Users/Björn/Source/Repos/DV1568_3DProjekt",
    "command": "clang-tool -fms-extensions -fms-compatibility -fms-compatibility-version=19  -isystem \"C:/Users/Björn/Source/Repos/DV1568_3DProjekt/inc\"  -isystem \"C:/Program Files (x86)/Microsoft Visual Studio/2017/Community/VC/Tools/MSVC/14.15.26726/include\"  -isystem \"C:/Program Files (x86)/Microsoft Visual Studio/2017/Community/VC/Tools/MSVC/14.15.26726/atlmfc/include\"  -isystem \"C:/Program Files (x86)/Microsoft Visual Studio/2017/Community/VC/Auxiliary/VS/include\"  -isystem \"C:/Program Files (x86)/Windows Kits/10/Include/10.0.17763.0/ucrt\"  -isystem \"C:/Program Files (x86)/Windows Kits/10/Include/10.0.17763.0/um\"  -isystem \"C:/Program Files (x86)/Windows Kits/10/Include/10.0.17763.0/shared\"  -isystem \"C:/Program Files (x86)/Windows Kits/10/Include/10.0.17763.0/winrt\"  -isystem \"C:/Program Files (x86)/Windows Kits/10/Include/10.0.17763.0/cppwinrt\"  -isystem \"C:/Program Files (x86)/Windows Kits/NETFXSDK/4.6.1/Include/um\"  -D _DEBUG  -D _MT  -D _DLL  -D _MBCS -std=c++14  \"C:/Users/Björn/Source/Repos/DV1568_3DProjekt/src/Model.cpp\"",
    "file": "C:/Users/Björn/Source/Repos/DV1568_3DProjekt/src/Model.cpp"
  },
  {
    "directory": "C:/Users/Björn/Source/Repos/DV1568_3DProjekt",
    "command": "clang-tool -fms-extensions -fms-compatibility -fms-compatibility-version=19  -isystem \"C:/Users/Björn/Source/Repos/DV1568_3DProjekt/inc\"  -isystem \"C:/Program Files (x86)/Microsoft Visual Studio/2017/Community/VC/Tools/MSVC/14.15.26726/include\"  -isystem \"C:/Program Files (x86)/Microsoft Visual Studio/2017/Community/VC/Tools/MSVC/14.15.26726/atlmfc/include\"  -isystem \"C:/Program Files (x86)/Microsoft Visual Studio/2017/Community/VC/Auxiliary/VS/include\"  -isystem \"C:/Program Files (x86)/Windows Kits/10/Include/10.0.17763.0/ucrt\"  -isystem \"C:/Program Files (x86)/Windows Kits/10/Include/10.0.17763.0/um\"  -isystem \"C:/Program Files (x86)/Windows Kits/10/Include/10.0.17763.0/shared\"  -isystem \"C:/Program Files (x86)/Windows Kits/10/Include/10.0.17763.0/winrt\"  -isystem \"C:/Program Files (x86)/Windows Kits/10/Include/10.0.17763.0/cppwinrt\"  -isystem \"C:/Program Files (x86)/Windows Kits/NETFXSDK/4.6.1/Include/um\"  -D _DEBUG  -D _MT  -D _DLL  -D _MBCS -std=c++14  \"C:/Users/Björn/Source/Repos/DV1568_3DProjekt/src/ModelInstance.cpp\"",
    "file": "C:/Users/Björn/Source/Repos/DV1568_3DProjekt/src/ModelInstance.cpp"
  },
  {
    "directory": "C:/Users/Björn/Source/Repos/DV1568_3DProjekt",
    "command": "clang-tool -fms-extensions -fms-compatibility -fms-compatibility-version=19  -isystem \"C:/Users/Björn/Source/Repos/DV1568_3DProjekt/inc\"  -isystem \"C:/Program Files (x86)/Microsoft Visual Studio/2017/Community/VC/Tools/MSVC/14.15.26726/include\"  -isystem \"C:/Program Files (x86)/Microsoft Visual Studio/2017/Community/VC/Tools/MSVC/14.15.26726/atlmfc/include\"  -isystem \"C:/Program Files (x86)/Microsoft Visual Studio/2017/Community/VC/Auxiliary/VS/include\"  -isystem \"C:/Program Files (x86)/Windows Kits/10/Include/10.0.17763.0/ucrt\"  -isystem \"C:/Program Files (x86)/Windows Kits/10/Include/10.0.17763.0/um\"  -isystem \"C:/Program Files (x86)/Windows Kits/10/Include/10.0.17763.0/shared\"  -isystem \"C:/Program Files (x86)/Windows Kits/10/Include/10.0.17763.0/winrt\"  -isystem \"C:/Program Files (x86)/Windows Kits/10/Include/10.0.17763.0/cppwinrt\"  -isystem \"C:/Program Files (x86)/Windows Kits/NETFXSDK/4.6.1/Include/um\"  -D _DEBUG  -D _MT  -D _DLL  -D _MBCS -std=c++14  \"C:/Users/Björn/Source/Repos/DV1568_3DProjekt/src/SceneManager.cpp\"",
    "file": "C:/Users/Björn/Source/Repos/DV1568_3DProjekt/src/SceneManager.cpp"
  },
  {
    "directory": "C:/Users/Björn/Source/Repos/DV1568_3DProjekt",
    "command": "clang-tool -fms-extensions -fms-compatibility -fms-compatibility-version=19  -isystem \"C:/Users/Björn/Source/Repos/DV1568_3DProjekt/inc\"  -isystem \"C:/Program Files (x86)/Microsoft Visual Studio/2017/Community/VC/Tools/MSVC/14.15.26726/include\"  -isystem \"C:/Program Files (x86)/Microsoft Visual Studio/2017/Community/VC/Tools/MSVC/14.15.26726/atlmfc/include\"  -isystem \"C:/Program Files (x86)/Microsoft Visual Studio/2017/Community/VC/Auxiliary/VS/include\"  -isystem \"C:/Program Files (x86)/Windows Kits/10/Include/10.0.17763.0/ucrt\"  -isystem \"C:/Program Files (x86)/Windows Kits/10/Include/10.0.17763.0/um\"  -isystem \"C:/Program Files (x86)/Windows Kits/10/Include/10.0.17763.0/shared\"  -isystem \"C:/Program Files (x86)/Windows Kits/10/Include/10.0.17763.0/winrt\"  -isystem \"C:/Program Files (x86)/Windows Kits/10/Include/10.0.17763.0/cppwinrt\"  -isystem \"C:/Program Files (x86)/Windows Kits/NETFXSDK/4.6.1/Include/um\"  -D _DEBUG  -D _MT  -D _DLL  -D _MBCS -std=c++14  \"C:/Users/Björn/Source/Repos/DV1568_3DProjekt/src/Shader.cpp\"",
    "file": "C:/Users/Björn/Source/Repos/DV1568_3DProjekt/src/Shader.cpp"
  },
  {
    "directory": "C:/Users/Björn/Source/Repos/DV1568_3DProjekt",
    "command": "clang-tool -fms-extensions -fms-compatibility -fms-compatibility-version=19  -isystem \"C:/Users/Björn/Source/Repos/DV1568_3DProjekt/inc\"  -isystem \"C:/Program Files (x86)/Microsoft Visual Studio/2017/Community/VC/Tools/MSVC/14.15.26726/include\"  -isystem \"C:/Program Files (x86)/Microsoft Visual Studio/2017/Community/VC/Tools/MSVC/14.15.26726/atlmfc/include\"  -isystem \"C:/Program Files (x86)/Microsoft Visual Studio/2017/Community/VC/Auxiliary/VS/include\"  -isystem \"C:/Program Files (x86)/Windows Kits/10/Include/10.0.17763.0/ucrt\"  -isystem \"C:/Program Files (x86)/Windows Kits/10/Include/10.0.17763.0/um\"  -isystem \"C:/Program Files (x86)/Windows Kits/10/Include/10.0.17763.0/shared\"  -isystem \"C:/Program Files (x86)/Windows Kits/10/Include/10.0.17763.0/winrt\"  -isystem \"C:/Program Files (x86)/Windows Kits/10/Include/10.0.17763.0/cppwinrt\"  -isystem \"C:/Program Files (x86)/Windows Kits/NETFXSDK/4.6.1/Include/um\"  -D _DEBUG  -D _MT  -D _DLL  -D _MBCS -std=c++14  \"C:/Users/Björn/Source/Repos/DV1568_3DProjekt/src/ShaderManager.cpp\"",
    "file": "C:/Users/Björn/Source/Repos/DV1568_3DProjekt/src/ShaderManager.cpp"
  },
  {
    "directory": "C:/Users/Björn/Source/Repos/DV1568_3DProjekt",
    "command": "clang-tool -fms-extensions -fms-compatibility -fms-compatibility-version=19  -isystem \"C:/Users/Björn/Source/Repos/DV1568_3DProjekt/inc\"  -isystem \"C:/Program Files (x86)/Microsoft Visual Studio/2017/Community/VC/Tools/MSVC/14.15.26726/include\"  -isystem \"C:/Program Files (x86)/Microsoft Visual Studio/2017/Community/VC/Tools/MSVC/14.15.26726/atlmfc/include\"  -isystem \"C:/Program Files (x86)/Microsoft Visual Studio/2017/Community/VC/Auxiliary/VS/include\"  -isystem \"C:/Program Files (x86)/Windows Kits/10/Include/10.0.17763.0/ucrt\"  -isystem \"C:/Program Files (x86)/Windows Kits/10/Include/10.0.17763.0/um\"  -isystem \"C:/Program Files (x86)/Windows Kits/10/Include/10.0.17763.0/shared\"  -isystem \"C:/Program Files (x86)/Windows Kits/10/Include/10.0.17763.0/winrt\"  -isystem \"C:/Program Files (x86)/Windows Kits/10/Include/10.0.17763.0/cppwinrt\"  -isystem \"C:/Program Files (x86)/Windows Kits/NETFXSDK/4.6.1/Include/um\"  -D _DEBUG  -D _MT  -D _DLL  -D _MBCS -std=c++14  \"C:/Users/Björn/Source/Repos/DV1568_3DProjekt/src/ShaderProgram.cpp\"",
    "file": "C:/Users/Björn/Source/Repos/DV1568_3DProjekt/src/ShaderProgram.cpp"
  },
  {
    "directory": "C:/Users/Björn/Source/Repos/DV1568_3DProjekt",
    "command": "clang-tool -fms-extensions -fms-compatibility -fms-compatibility-version=19  -isystem \"C:/Users/Björn/Source/Repos/DV1568_3DProjekt/inc\"  -isystem \"C:/Program Files (x86)/Microsoft Visual Studio/2017/Community/VC/Tools/MSVC/14.15.26726/include\"  -isystem \"C:/Program Files (x86)/Microsoft Visual Studio/2017/Community/VC/Tools/MSVC/14.15.26726/atlmfc/include\"  -isystem \"C:/Program Files (x86)/Microsoft Visual Studio/2017/Community/VC/Auxiliary/VS/include\"  -isystem \"C:/Program Files (x86)/Windows Kits/10/Include/10.0.17763.0/ucrt\"  -isystem \"C:/Program Files (x86)/Windows Kits/10/Include/10.0.17763.0/um\"  -isystem \"C:/Program Files (x86)/Windows Kits/10/Include/10.0.17763.0/shared\"  -isystem \"C:/Program Files (x86)/Windows Kits/10/Include/10.0.17763.0/winrt\"  -isystem \"C:/Program Files (x86)/Windows Kits/10/Include/10.0.17763.0/cppwinrt\"  -isystem \"C:/Program Files (x86)/Windows Kits/NETFXSDK/4.6.1/Include/um\"  -D _DEBUG  -D _MT  -D _DLL  -D _MBCS -std=c++14  \"C:/Users/Björn/Source/Repos/DV1568_3DProjekt/src/misc/ImGui/imgui.cpp\"",
    "file": "C:/Users/Björn/Source/Repos/DV1568_3DProjekt/src/misc/ImGui/imgui.cpp"
  },
  {
    "directory": "C:/Users/Björn/Source/Repos/DV1568_3DProjekt",
    "command": "clang-tool -fms-extensions -fms-compatibility -fms-compatibility-version=19  -isystem \"C:/Users/Björn/Source/Repos/DV1568_3DProjekt/inc\"  -isystem \"C:/Program Files (x86)/Microsoft Visual Studio/2017/Community/VC/Tools/MSVC/14.15.26726/include\"  -isystem \"C:/Program Files (x86)/Microsoft Visual Studio/2017/Community/VC/Tools/MSVC/14.15.26726/atlmfc/include\"  -isystem \"C:/Program Files (x86)/Microsoft Visual Studio/2017/Community/VC/Auxiliary/VS/include\"  -isystem \"C:/Program Files (x86)/Windows Kits/10/Include/10.0.17763.0/ucrt\"  -isystem \"C:/Program Files (x86)/Windows Kits/10/Include/10.0.17763.0/um\"  -isystem \"C:/Program Files (x86)/Windows Kits/10/Include/10.0.17763.0/shared\"  -isystem \"C:/Program Files (x86)/Windows Kits/10/Include/10.0.17763.0/winrt\"  -isystem \"C:/Program Files (x86)/Windows Kits/10/Include/10.0.17763.0/cppwinrt\"  -isystem \"C:/Program Files (x86)/Windows Kits/NETFXSDK/4.6.1/Include/um\"  -D _DEBUG  -D _MT  -D _DLL  -D _MBCS -std=c++14  \"C:/Users/Björn/Source/Repos/DV1568_3DProjekt/src/misc/ImGui/imgui_draw.cpp\"",
    "file": "C:/Users/Björn/Source/Repos/DV1568_3DProjekt/src/misc/ImGui/imgui_draw.cpp"
  },
  {
    "directory": "C:/Users/Björn/Source/Repos/DV1568_3DProjekt",
    "command": "clang-tool -fms-extensions -fms-compatibility -fms-compatibility-version=19  -isystem \"C:/Users/Björn/Source/Repos/DV1568_3DProjekt/inc\"  -isystem \"C:/Program Files (x86)/Microsoft Visual Studio/2017/Community/VC/Tools/MSVC/14.15.26726/include\"  -isystem \"C:/Program Files (x86)/Microsoft Visual Studio/2017/Community/VC/Tools/MSVC/14.15.26726/atlmfc/include\"  -isystem \"C:/Program Files (x86)/Microsoft Visual Studio/2017/Community/VC/Auxiliary/VS/include\"  -isystem \"C:/Program Files (x86)/Windows Kits/10/Include/10.0.17763.0/ucrt\"  -isystem \"C:/Program Files (x86)/Windows Kits/10/Include/10.0.17763.0/um\"  -isystem \"C:/Program Files (x86)/Windows Kits/10/Include/10.0.17763.0/shared\"  -isystem \"C:/Program Files (x86)/Windows Kits/10/Include/10.0.17763.0/winrt\"  -isystem \"C:/Program Files (x86)/Windows Kits/10/Include/10.0.17763.0/cppwinrt\"  -isystem \"C:/Program Files (x86)/Windows Kits/NETFXSDK/4.6.1/Include/um\"  -D _DEBUG  -D _MT  -D _DLL  -D _MBCS -std=c++14  \"C:/Users/Björn/Source/Repos/DV1568_3DProjekt/src/misc/ImGui/imgui_impl_glfw.cpp\"",
    "file": "C:/Users/Björn/Source/Repos/DV1568_3DProjekt/src/misc/ImGui/imgui_impl_glfw.cpp"
  },
  {
    "directory": "C:/Users/Björn/Source/Repos/DV1568_3DProjekt",
    "command": "clang-tool -fms-extensions -fms-compatibility -fms-compatibility-version=19  -isystem \"C:/Users/Björn/Source/Repos/DV1568_3DProjekt/inc\"  -isystem \"C:/Program Files (x86)/Microsoft Visual Studio/2017/Community/VC/Tools/MSVC/14.15.26726/include\"  -isystem \"C:/Program Files (x86)/Microsoft Visual Studio/2017/Community/VC/Tools/MSVC/14.15.26726/atlmfc/include\"  -isystem \"C:/Program Files (x86)/Microsoft Visual Studio/2017/Community/VC/Auxiliary/VS/include\"  -isystem \"C:/Program Files (x86)/Windows Kits/10/Include/10.0.17763.0/ucrt\"  -isystem \"C:/Program Files (x86)/Windows Kits/10/Include/10.0.17763.0/um\"  -isystem \"C:/Program Files (x86)/Windows Kits/10/Include/10.0.17763.0/shared\"  -isystem \"C:/Program Files (x86)/Windows Kits/10/Include/10.0.17763.0/winrt\"  -isystem \"C:/Program Files (x86)/Windows Kits/10/Include/10.0.17763.0/cppwinrt\"  -isystem \"C:/Program Files (x86)/Windows Kits/NETFXSDK/4.6.1/Include/um\"  -D _DEBUG  -D _MT  -D _DLL  -D _MBCS -std=c++14  \"C:/Users/Björn/Source/Repos/DV1568_3DProjekt/src/misc/ImGui/imgui_impl_opengl3.cpp\"",
    "file": "C:/Users/Björn/Source/Repos/DV1568_3DProjekt/src/misc/ImGui/imgui_impl_opengl3.cpp"
  },
  {
    "directory": "C:/Users/Björn/Source/Repos/DV1568_3DProjekt",
    "command": "clang-tool -fms-extensions -fms-compatibility -fms-compatibility-version=19  -isystem \"C:/Users/Björn/Source/Repos/DV1568_3DProjekt/inc\"  -isystem \"C:/Program Files (x86)/Microsoft Visual Studio/2017/Community/VC/Tools/MSVC/14.15.26726/include\"  -isystem \"C:/Program Files (x86)/Microsoft Visual Studio/2017/Community/VC/Tools/MSVC/14.15.26726/atlmfc/include\"  -isystem \"C:/Program Files (x86)/Microsoft Visual Studio/2017/Community/VC/Auxiliary/VS/include\"  -isystem \"C:/Program Files (x86)/Windows Kits/10/Include/10.0.17763.0/ucrt\"  -isystem \"C:/Program Files (x86)/Windows Kits/10/Include/10.0.17763.0/um\"  -isystem \"C:/Program Files (x86)/Windows Kits/10/Include/10.0.17763.0/shared\"  -isystem \"C:/Program Files (x86)/Windows Kits/10/Include/10.0.17763.0/winrt\"  -isystem \"C:/Program Files (x86)/Windows Kits/10/Include/10.0.17763.0/cppwinrt\"  -isystem \"C:/Program Files (x86)/Windows Kits/NETFXSDK/4.6.1/Include/um\"  -D _DEBUG  -D _MT  -D _DLL  -D _MBCS -std=c++14  \"C:/Users/Björn/Source/Repos/DV1568_3DProjekt/src/misc/ImGui/imgui_widgets.cpp\"",
    "file": "C:/Users/Björn/Source/Repos/DV1568_3DProjekt/src/misc/ImGui/imgui_widgets.cpp"
  }
]